{"cameraMode":{"drawMode":0,"name":"Shaded","section":"Shading Mode"},"sceneLighting":false,"audioPlay":false,"sceneViewState":{"showFog":true,"showMaterialUpdate":false,"showSkybox":false,"showFlares":true,"showImageEffects":true,"showParticleSystems":true},"in2DMode":false,"pivot":{"x":-130.49667358398438,"y":-3.5737433433532717,"z":147.376708984375},"rotation":{"x":-0.24073444306850434,"y":0.15413272380828858,"z":-0.0387546606361866,"w":-0.9575212001800537},"size":45.421058654785159,"orthographic":false}