{"cameraMode":{"drawMode":0,"name":"Shaded","section":"Shading Mode"},"sceneLighting":false,"audioPlay":false,"sceneViewState":{"showFog":true,"showMaterialUpdate":false,"showSkybox":false,"showFlares":true,"showImageEffects":true,"showParticleSystems":true},"in2DMode":false,"pivot":{"x":0.16864344477653504,"y":-0.25818341970443728,"z":10.10342025756836},"rotation":{"x":-0.26122668385505679,"y":0.012161439284682274,"z":-0.0032940830569714309,"w":-0.9652156233787537},"size":1.1666688919067383,"orthographic":false}