{"cameraMode":{"drawMode":2,"name":"Shaded Wireframe","section":"Shading Mode"},"sceneLighting":true,"audioPlay":false,"sceneViewState":{"showFog":true,"showMaterialUpdate":false,"showSkybox":true,"showFlares":true,"showImageEffects":true,"showParticleSystems":true},"in2DMode":false,"pivot":{"x":0.061483338475227359,"y":0.06863990426063538,"z":1.51552414894104},"rotation":{"x":-0.07191674411296845,"y":-0.024526411667466165,"z":0.0017696392023935915,"w":-0.9971112012863159},"size":2.5125043392181398,"orthographic":false}